MATRICE DE COMPARAISON,Precision AVG (%) 87.9551820728,Recall AVG (%)23.1092436975,FMesure AVG (%): 33.8964956612,FMesure ecart-type : 14.4122889172
,Cluster 0,Cluster 1,Cluster 2,Cluster 3,Cluster 4,Cluster 5,Cluster 6,Cluster 7,Cluster 8,Cluster 9,Cluster 10,Cluster 11,Cluster 12,Cluster 13,Cluster 14,Cluster 15,Cluster 16,Cluster 17,Cluster 18,Cluster 19,Cluster 20,Cluster 21,Cluster 22,Cluster 23,Cluster 24,Cluster 25,Cluster 26,Cluster 27,Cluster 28,Cluster 29,Cluster 30,Cluster 31,Cluster 32,Cluster 33,Cluster 34,Cluster 35,Cluster 36,Cluster 37,Cluster 38,Cluster 39,Cluster 40,Cluster 41,Cluster 42,Cluster 43,Cluster 44,Cluster 45,Cluster 46,Cluster 47,Cluster 48,Cluster 49,Cluster 50,Cluster 51,Cluster 52,Cluster 53,Cluster 54,Cluster 55,Cluster 56,Cluster 57,Cluster 58,Cluster 59,Cluster 60
Reference cluster 0,"(0.0, 0.0, 0.0)","(0.0, 0.0, 0.0)","(0.0, 0.0, 0.0)","(0.0, 0.0, 0.0)","(0.0, 0.0, 0.0)","(0.0, 0.0, 0.0)","(0.0, 0.0, 0.0)","(0.0, 0.0, 0.0)","(0.0, 0.0, 0.0)","(0.0, 0.0, 0.0)","(0.0, 0.0, 0.0)","(0.0, 0.0, 0.0)","(0.0, 0.0, 0.0)","(0.0, 0.0, 0.0)","(0.0, 0.0, 0.0)","(0.0, 0.0, 0.0)","(0.0, 0.0, 0.0)","(0.0, 0.0, 0.0)","(0.0, 0.0, 0.0)","(0.0, 0.0, 0.0)","(0.0, 0.0, 0.0)","(0.0, 0.0, 0.0)","(1.0, 0.3333333333333333, 0.4999999999999963)","(0.0, 0.0, 0.0)","(0.0, 0.0, 0.0)","(0.0, 0.0, 0.0)","(0.0, 0.0, 0.0)","(0.0, 0.0, 0.0)","(0.0, 0.0, 0.0)","(0.0, 0.0, 0.0)","(0.0, 0.0, 0.0)","(0.0, 0.0, 0.0)","(0.0, 0.0, 0.0)","(0.0, 0.0, 0.0)","(0.0, 0.0, 0.0)","(0.0, 0.0, 0.0)","(0.0, 0.0, 0.0)","(0.0, 0.0, 0.0)","(1.0, 0.3333333333333333, 0.4999999999999963)","(0.0, 0.0, 0.0)","(0.0, 0.0, 0.0)","(0.0, 0.0, 0.0)","(0.0, 0.0, 0.0)","(0.0, 0.0, 0.0)","(0.0, 0.0, 0.0)","(0.0, 0.0, 0.0)","(0.0, 0.0, 0.0)","(0.0, 0.0, 0.0)","(0.0, 0.0, 0.0)","(0.0, 0.0, 0.0)","(0.0, 0.0, 0.0)","(0.0, 0.0, 0.0)","(0.0, 0.0, 0.0)","(0.0, 0.0, 0.0)","(0.0, 0.0, 0.0)","(0.0, 0.0, 0.0)","(0.3333333333333333, 0.3333333333333333, 0.3333333333333283)","(0.0, 0.0, 0.0)","(0.0, 0.0, 0.0)","(0.0, 0.0, 0.0)","(0.0, 0.0, 0.0)"
Reference cluster 1,"(0.0, 0.0, 0.0)","(0.0, 0.0, 0.0)","(0.0, 0.0, 0.0)","(0.0, 0.0, 0.0)","(0.0, 0.0, 0.0)","(0.0, 0.0, 0.0)","(0.0, 0.0, 0.0)","(0.0, 0.0, 0.0)","(0.0, 0.0, 0.0)","(0.0, 0.0, 0.0)","(0.0, 0.0, 0.0)","(0.0, 0.0, 0.0)","(0.0, 0.0, 0.0)","(0.0, 0.0, 0.0)","(0.0, 0.0, 0.0)","(0.0, 0.0, 0.0)","(0.0, 0.0, 0.0)","(0.0, 0.0, 0.0)","(0.0, 0.0, 0.0)","(0.0, 0.0, 0.0)","(0.0, 0.0, 0.0)","(0.0, 0.0, 0.0)","(0.0, 0.0, 0.0)","(0.0, 0.0, 0.0)","(0.0, 0.0, 0.0)","(0.0, 0.0, 0.0)","(0.0, 0.0, 0.0)","(0.0, 0.0, 0.0)","(0.0, 0.0, 0.0)","(0.0, 0.0, 0.0)","(0.0, 0.0, 0.0)","(0.0, 0.0, 0.0)","(0.0, 0.0, 0.0)","(0.0, 0.0, 0.0)","(0.0, 0.0, 0.0)","(0.0, 0.0, 0.0)","(0.0, 0.0, 0.0)","(0.0, 0.0, 0.0)","(0.0, 0.0, 0.0)","(0.0, 0.0, 0.0)","(0.0, 0.0, 0.0)","(0.0, 0.0, 0.0)","(0.0, 0.0, 0.0)","(0.0, 0.0, 0.0)","(0.0, 0.0, 0.0)","(1.0, 0.6666666666666666, 0.7999999999999953)","(0.0, 0.0, 0.0)","(0.0, 0.0, 0.0)","(0.0, 0.0, 0.0)","(0.0, 0.0, 0.0)","(0.0, 0.0, 0.0)","(0.0, 0.0, 0.0)","(0.0, 0.0, 0.0)","(0.0, 0.0, 0.0)","(0.0, 0.0, 0.0)","(0.0, 0.0, 0.0)","(0.0, 0.0, 0.0)","(0.0, 0.0, 0.0)","(0.0, 0.0, 0.0)","(0.0, 0.0, 0.0)","(0.043478260869565216, 0.3333333333333333, 0.07692307692307487)"
Reference cluster 2,"(0.0, 0.0, 0.0)","(0.0, 0.0, 0.0)","(0.0, 0.0, 0.0)","(0.0, 0.0, 0.0)","(0.0, 0.0, 0.0)","(0.0, 0.0, 0.0)","(0.0, 0.0, 0.0)","(0.0, 0.0, 0.0)","(0.0, 0.0, 0.0)","(0.0, 0.0, 0.0)","(0.0, 0.0, 0.0)","(0.0, 0.0, 0.0)","(0.0, 0.0, 0.0)","(0.0, 0.0, 0.0)","(0.0, 0.0, 0.0)","(0.0, 0.0, 0.0)","(0.0, 0.0, 0.0)","(0.0, 0.0, 0.0)","(0.0, 0.0, 0.0)","(0.0, 0.0, 0.0)","(0.0, 0.0, 0.0)","(0.0, 0.0, 0.0)","(0.0, 0.0, 0.0)","(0.0, 0.0, 0.0)","(0.0, 0.0, 0.0)","(0.0, 0.0, 0.0)","(0.0, 0.0, 0.0)","(0.0, 0.0, 0.0)","(0.0, 0.0, 0.0)","(0.0, 0.0, 0.0)","(0.0, 0.0, 0.0)","(0.0, 0.0, 0.0)","(0.0, 0.0, 0.0)","(0.0, 0.0, 0.0)","(1.0, 0.25, 0.3999999999999968)","(0.0, 0.0, 0.0)","(0.0, 0.0, 0.0)","(0.0, 0.0, 0.0)","(0.0, 0.0, 0.0)","(0.0, 0.0, 0.0)","(0.0, 0.0, 0.0)","(0.0, 0.0, 0.0)","(0.0, 0.0, 0.0)","(0.0, 0.0, 0.0)","(0.0, 0.0, 0.0)","(0.0, 0.0, 0.0)","(0.0, 0.0, 0.0)","(0.0, 0.0, 0.0)","(0.0, 0.0, 0.0)","(0.0, 0.0, 0.0)","(0.0, 0.0, 0.0)","(0.0, 0.0, 0.0)","(0.0, 0.0, 0.0)","(0.0, 0.0, 0.0)","(0.0, 0.0, 0.0)","(0.0, 0.0, 0.0)","(0.0, 0.0, 0.0)","(0.0, 0.0, 0.0)","(0.0, 0.0, 0.0)","(0.0, 0.0, 0.0)","(0.08695652173913043, 0.5, 0.14814814814814564)"
Reference cluster 3,"(0.0, 0.0, 0.0)","(0.0, 0.0, 0.0)","(0.0, 0.0, 0.0)","(0.0, 0.0, 0.0)","(0.0, 0.0, 0.0)","(0.0, 0.0, 0.0)","(1.0, 0.14285714285714285, 0.2499999999999978)","(0.0, 0.0, 0.0)","(0.0, 0.0, 0.0)","(0.0, 0.0, 0.0)","(0.0, 0.0, 0.0)","(0.0, 0.0, 0.0)","(0.0, 0.0, 0.0)","(0.0, 0.0, 0.0)","(1.0, 0.14285714285714285, 0.2499999999999978)","(0.0, 0.0, 0.0)","(0.0, 0.0, 0.0)","(1.0, 0.14285714285714285, 0.2499999999999978)","(0.0, 0.0, 0.0)","(0.0, 0.0, 0.0)","(0.0, 0.0, 0.0)","(0.0, 0.0, 0.0)","(0.0, 0.0, 0.0)","(0.0, 0.0, 0.0)","(0.0, 0.0, 0.0)","(0.0, 0.0, 0.0)","(0.0, 0.0, 0.0)","(0.0, 0.0, 0.0)","(0.0, 0.0, 0.0)","(0.0, 0.0, 0.0)","(0.0, 0.0, 0.0)","(0.0, 0.0, 0.0)","(0.0, 0.0, 0.0)","(0.0, 0.0, 0.0)","(0.0, 0.0, 0.0)","(0.0, 0.0, 0.0)","(0.0, 0.0, 0.0)","(0.0, 0.0, 0.0)","(0.0, 0.0, 0.0)","(0.0, 0.0, 0.0)","(0.0, 0.0, 0.0)","(0.0, 0.0, 0.0)","(1.0, 0.14285714285714285, 0.2499999999999978)","(0.0, 0.0, 0.0)","(0.5, 0.14285714285714285, 0.22222222222221877)","(0.0, 0.0, 0.0)","(0.0, 0.0, 0.0)","(0.0, 0.0, 0.0)","(0.0, 0.0, 0.0)","(0.0, 0.0, 0.0)","(0.0, 0.0, 0.0)","(0.0, 0.0, 0.0)","(0.0, 0.0, 0.0)","(0.0, 0.0, 0.0)","(0.0, 0.0, 0.0)","(0.0, 0.0, 0.0)","(0.3333333333333333, 0.14285714285714285, 0.1999999999999958)","(0.25, 0.14285714285714285, 0.1818181818181772)","(0.0, 0.0, 0.0)","(0.0, 0.0, 0.0)","(0.0, 0.0, 0.0)"
Reference cluster 4,"(0.0, 0.0, 0.0)","(0.0, 0.0, 0.0)","(0.0, 0.0, 0.0)","(0.0, 0.0, 0.0)","(0.0, 0.0, 0.0)","(0.0, 0.0, 0.0)","(0.0, 0.0, 0.0)","(0.0, 0.0, 0.0)","(0.0, 0.0, 0.0)","(0.0, 0.0, 0.0)","(0.0, 0.0, 0.0)","(0.0, 0.0, 0.0)","(0.0, 0.0, 0.0)","(0.0, 0.0, 0.0)","(0.0, 0.0, 0.0)","(0.0, 0.0, 0.0)","(0.0, 0.0, 0.0)","(0.0, 0.0, 0.0)","(0.0, 0.0, 0.0)","(0.0, 0.0, 0.0)","(0.0, 0.0, 0.0)","(0.0, 0.0, 0.0)","(0.0, 0.0, 0.0)","(0.0, 0.0, 0.0)","(0.0, 0.0, 0.0)","(0.0, 0.0, 0.0)","(0.0, 0.0, 0.0)","(0.0, 0.0, 0.0)","(0.0, 0.0, 0.0)","(0.0, 0.0, 0.0)","(0.0, 0.0, 0.0)","(0.0, 0.0, 0.0)","(0.0, 0.0, 0.0)","(0.0, 0.0, 0.0)","(0.0, 0.0, 0.0)","(0.0, 0.0, 0.0)","(0.0, 0.0, 0.0)","(0.0, 0.0, 0.0)","(0.0, 0.0, 0.0)","(0.0, 0.0, 0.0)","(0.0, 0.0, 0.0)","(0.0, 0.0, 0.0)","(0.0, 0.0, 0.0)","(0.0, 0.0, 0.0)","(0.5, 0.3333333333333333, 0.3999999999999952)","(0.0, 0.0, 0.0)","(0.0, 0.0, 0.0)","(0.0, 0.0, 0.0)","(0.0, 0.0, 0.0)","(0.5, 0.3333333333333333, 0.3999999999999952)","(0.0, 0.0, 0.0)","(0.0, 0.0, 0.0)","(0.0, 0.0, 0.0)","(0.0, 0.0, 0.0)","(0.0, 0.0, 0.0)","(0.0, 0.0, 0.0)","(0.0, 0.0, 0.0)","(0.0, 0.0, 0.0)","(0.0, 0.0, 0.0)","(0.14285714285714285, 0.3333333333333333, 0.1999999999999958)","(0.0, 0.0, 0.0)"
Reference cluster 5,"(0.0, 0.0, 0.0)","(0.0, 0.0, 0.0)","(0.0, 0.0, 0.0)","(0.0, 0.0, 0.0)","(0.0, 0.0, 0.0)","(0.0, 0.0, 0.0)","(0.0, 0.0, 0.0)","(0.0, 0.0, 0.0)","(0.0, 0.0, 0.0)","(0.0, 0.0, 0.0)","(0.0, 0.0, 0.0)","(0.0, 0.0, 0.0)","(0.0, 0.0, 0.0)","(0.0, 0.0, 0.0)","(0.0, 0.0, 0.0)","(0.0, 0.0, 0.0)","(0.0, 0.0, 0.0)","(0.0, 0.0, 0.0)","(0.0, 0.0, 0.0)","(0.0, 0.0, 0.0)","(0.0, 0.0, 0.0)","(0.0, 0.0, 0.0)","(0.0, 0.0, 0.0)","(0.0, 0.0, 0.0)","(0.0, 0.0, 0.0)","(0.0, 0.0, 0.0)","(0.0, 0.0, 0.0)","(0.0, 0.0, 0.0)","(0.0, 0.0, 0.0)","(0.0, 0.0, 0.0)","(0.0, 0.0, 0.0)","(0.0, 0.0, 0.0)","(1.0, 0.08333333333333333, 0.15384615384615244)","(0.0, 0.0, 0.0)","(0.0, 0.0, 0.0)","(0.0, 0.0, 0.0)","(0.0, 0.0, 0.0)","(0.0, 0.0, 0.0)","(0.0, 0.0, 0.0)","(0.0, 0.0, 0.0)","(0.0, 0.0, 0.0)","(1.0, 0.08333333333333333, 0.15384615384615244)","(0.0, 0.0, 0.0)","(0.0, 0.0, 0.0)","(0.0, 0.0, 0.0)","(0.0, 0.0, 0.0)","(0.0, 0.0, 0.0)","(0.0, 0.0, 0.0)","(0.0, 0.0, 0.0)","(0.5, 0.08333333333333333, 0.1428571428571404)","(0.0, 0.0, 0.0)","(0.5, 0.08333333333333333, 0.1428571428571404)","(0.0, 0.0, 0.0)","(0.0, 0.0, 0.0)","(0.6666666666666666, 0.16666666666666666, 0.2666666666666635)","(0.0, 0.0, 0.0)","(0.3333333333333333, 0.08333333333333333, 0.13333333333333014)","(0.25, 0.08333333333333333, 0.12499999999999625)","(0.4, 0.16666666666666666, 0.23529411764705468)","(0.0, 0.0, 0.0)","(0.0, 0.0, 0.0)"
Reference cluster 6,"(0.0, 0.0, 0.0)","(0.0, 0.0, 0.0)","(0.0, 0.0, 0.0)","(1.0, 0.25, 0.3999999999999968)","(0.0, 0.0, 0.0)","(0.0, 0.0, 0.0)","(0.0, 0.0, 0.0)","(0.0, 0.0, 0.0)","(1.0, 0.25, 0.3999999999999968)","(0.0, 0.0, 0.0)","(0.0, 0.0, 0.0)","(0.0, 0.0, 0.0)","(0.0, 0.0, 0.0)","(0.0, 0.0, 0.0)","(0.0, 0.0, 0.0)","(0.0, 0.0, 0.0)","(0.0, 0.0, 0.0)","(0.0, 0.0, 0.0)","(0.0, 0.0, 0.0)","(0.0, 0.0, 0.0)","(0.0, 0.0, 0.0)","(0.0, 0.0, 0.0)","(0.0, 0.0, 0.0)","(0.0, 0.0, 0.0)","(0.0, 0.0, 0.0)","(0.0, 0.0, 0.0)","(0.0, 0.0, 0.0)","(0.0, 0.0, 0.0)","(0.0, 0.0, 0.0)","(0.0, 0.0, 0.0)","(0.0, 0.0, 0.0)","(0.0, 0.0, 0.0)","(0.0, 0.0, 0.0)","(0.0, 0.0, 0.0)","(0.0, 0.0, 0.0)","(0.0, 0.0, 0.0)","(0.0, 0.0, 0.0)","(0.0, 0.0, 0.0)","(0.0, 0.0, 0.0)","(0.0, 0.0, 0.0)","(0.0, 0.0, 0.0)","(0.0, 0.0, 0.0)","(0.0, 0.0, 0.0)","(0.0, 0.0, 0.0)","(0.0, 0.0, 0.0)","(0.0, 0.0, 0.0)","(0.0, 0.0, 0.0)","(0.0, 0.0, 0.0)","(0.0, 0.0, 0.0)","(0.0, 0.0, 0.0)","(0.0, 0.0, 0.0)","(0.0, 0.0, 0.0)","(0.0, 0.0, 0.0)","(0.0, 0.0, 0.0)","(0.0, 0.0, 0.0)","(0.0, 0.0, 0.0)","(0.0, 0.0, 0.0)","(0.0, 0.0, 0.0)","(0.0, 0.0, 0.0)","(0.14285714285714285, 0.25, 0.1818181818181772)","(0.043478260869565216, 0.25, 0.07407407407407156)"
Reference cluster 7,"(0.0, 0.0, 0.0)","(0.0, 0.0, 0.0)","(0.0, 0.0, 0.0)","(0.0, 0.0, 0.0)","(0.0, 0.0, 0.0)","(0.0, 0.0, 0.0)","(0.0, 0.0, 0.0)","(1.0, 0.25, 0.3999999999999968)","(0.0, 0.0, 0.0)","(0.0, 0.0, 0.0)","(0.0, 0.0, 0.0)","(0.0, 0.0, 0.0)","(0.0, 0.0, 0.0)","(0.0, 0.0, 0.0)","(0.0, 0.0, 0.0)","(0.0, 0.0, 0.0)","(0.0, 0.0, 0.0)","(0.0, 0.0, 0.0)","(1.0, 0.25, 0.3999999999999968)","(0.0, 0.0, 0.0)","(0.0, 0.0, 0.0)","(0.0, 0.0, 0.0)","(0.0, 0.0, 0.0)","(0.0, 0.0, 0.0)","(0.0, 0.0, 0.0)","(0.0, 0.0, 0.0)","(0.0, 0.0, 0.0)","(0.0, 0.0, 0.0)","(0.0, 0.0, 0.0)","(0.0, 0.0, 0.0)","(0.0, 0.0, 0.0)","(0.0, 0.0, 0.0)","(0.0, 0.0, 0.0)","(0.0, 0.0, 0.0)","(0.0, 0.0, 0.0)","(0.0, 0.0, 0.0)","(0.0, 0.0, 0.0)","(0.0, 0.0, 0.0)","(0.0, 0.0, 0.0)","(0.0, 0.0, 0.0)","(0.0, 0.0, 0.0)","(0.0, 0.0, 0.0)","(0.0, 0.0, 0.0)","(0.0, 0.0, 0.0)","(0.0, 0.0, 0.0)","(0.0, 0.0, 0.0)","(0.0, 0.0, 0.0)","(0.0, 0.0, 0.0)","(0.0, 0.0, 0.0)","(0.0, 0.0, 0.0)","(0.0, 0.0, 0.0)","(0.0, 0.0, 0.0)","(0.5, 0.25, 0.3333333333333289)","(0.0, 0.0, 0.0)","(0.0, 0.0, 0.0)","(0.0, 0.0, 0.0)","(0.0, 0.0, 0.0)","(0.0, 0.0, 0.0)","(0.0, 0.0, 0.0)","(0.14285714285714285, 0.25, 0.1818181818181772)","(0.0, 0.0, 0.0)"
Reference cluster 8,"(0.0, 0.0, 0.0)","(0.0, 0.0, 0.0)","(0.0, 0.0, 0.0)","(0.0, 0.0, 0.0)","(0.0, 0.0, 0.0)","(0.0, 0.0, 0.0)","(0.0, 0.0, 0.0)","(0.0, 0.0, 0.0)","(0.0, 0.0, 0.0)","(0.0, 0.0, 0.0)","(0.0, 0.0, 0.0)","(0.0, 0.0, 0.0)","(0.0, 0.0, 0.0)","(0.0, 0.0, 0.0)","(0.0, 0.0, 0.0)","(1.0, 0.14285714285714285, 0.2499999999999978)","(0.0, 0.0, 0.0)","(0.0, 0.0, 0.0)","(0.0, 0.0, 0.0)","(0.0, 0.0, 0.0)","(0.0, 0.0, 0.0)","(0.0, 0.0, 0.0)","(0.0, 0.0, 0.0)","(0.0, 0.0, 0.0)","(0.0, 0.0, 0.0)","(0.0, 0.0, 0.0)","(0.0, 0.0, 0.0)","(0.0, 0.0, 0.0)","(0.0, 0.0, 0.0)","(0.0, 0.0, 0.0)","(0.0, 0.0, 0.0)","(0.0, 0.0, 0.0)","(0.0, 0.0, 0.0)","(0.0, 0.0, 0.0)","(0.0, 0.0, 0.0)","(0.0, 0.0, 0.0)","(0.0, 0.0, 0.0)","(0.0, 0.0, 0.0)","(0.0, 0.0, 0.0)","(0.0, 0.0, 0.0)","(0.0, 0.0, 0.0)","(0.0, 0.0, 0.0)","(0.0, 0.0, 0.0)","(0.0, 0.0, 0.0)","(0.0, 0.0, 0.0)","(0.0, 0.0, 0.0)","(0.0, 0.0, 0.0)","(0.0, 0.0, 0.0)","(0.0, 0.0, 0.0)","(0.0, 0.0, 0.0)","(0.0, 0.0, 0.0)","(0.5, 0.14285714285714285, 0.22222222222221877)","(0.0, 0.0, 0.0)","(0.3333333333333333, 0.14285714285714285, 0.1999999999999958)","(0.0, 0.0, 0.0)","(0.0, 0.0, 0.0)","(0.0, 0.0, 0.0)","(0.25, 0.14285714285714285, 0.1818181818181772)","(0.2, 0.14285714285714285, 0.1666666666666618)","(0.0, 0.0, 0.0)","(0.043478260869565216, 0.14285714285714285, 0.06666666666666309)"
Reference cluster 9,"(0.0, 0.0, 0.0)","(0.0, 0.0, 0.0)","(0.0, 0.0, 0.0)","(0.0, 0.0, 0.0)","(0.0, 0.0, 0.0)","(0.0, 0.0, 0.0)","(0.0, 0.0, 0.0)","(0.0, 0.0, 0.0)","(0.0, 0.0, 0.0)","(0.0, 0.0, 0.0)","(0.0, 0.0, 0.0)","(0.0, 0.0, 0.0)","(0.0, 0.0, 0.0)","(0.0, 0.0, 0.0)","(0.0, 0.0, 0.0)","(0.0, 0.0, 0.0)","(0.0, 0.0, 0.0)","(0.0, 0.0, 0.0)","(0.0, 0.0, 0.0)","(0.0, 0.0, 0.0)","(0.0, 0.0, 0.0)","(0.0, 0.0, 0.0)","(0.0, 0.0, 0.0)","(0.0, 0.0, 0.0)","(0.0, 0.0, 0.0)","(0.0, 0.0, 0.0)","(0.0, 0.0, 0.0)","(0.0, 0.0, 0.0)","(0.0, 0.0, 0.0)","(0.0, 0.0, 0.0)","(0.0, 0.0, 0.0)","(0.0, 0.0, 0.0)","(0.0, 0.0, 0.0)","(0.0, 0.0, 0.0)","(0.0, 0.0, 0.0)","(0.0, 0.0, 0.0)","(0.0, 0.0, 0.0)","(0.0, 0.0, 0.0)","(0.0, 0.0, 0.0)","(0.0, 0.0, 0.0)","(0.0, 0.0, 0.0)","(0.0, 0.0, 0.0)","(0.0, 0.0, 0.0)","(0.0, 0.0, 0.0)","(0.0, 0.0, 0.0)","(0.0, 0.0, 0.0)","(0.5, 0.16666666666666666, 0.24999999999999625)","(0.0, 0.0, 0.0)","(0.0, 0.0, 0.0)","(0.0, 0.0, 0.0)","(0.0, 0.0, 0.0)","(0.0, 0.0, 0.0)","(0.0, 0.0, 0.0)","(0.0, 0.0, 0.0)","(0.0, 0.0, 0.0)","(0.0, 0.0, 0.0)","(0.0, 0.0, 0.0)","(0.0, 0.0, 0.0)","(0.0, 0.0, 0.0)","(0.2857142857142857, 0.3333333333333333, 0.3076923076923027)","(0.0, 0.0, 0.0)"
Reference cluster 10,"(0.0, 0.0, 0.0)","(0.0, 0.0, 0.0)","(0.0, 0.0, 0.0)","(0.0, 0.0, 0.0)","(0.0, 0.0, 0.0)","(0.0, 0.0, 0.0)","(0.0, 0.0, 0.0)","(0.0, 0.0, 0.0)","(0.0, 0.0, 0.0)","(1.0, 0.14285714285714285, 0.2499999999999978)","(1.0, 0.14285714285714285, 0.2499999999999978)","(0.0, 0.0, 0.0)","(0.0, 0.0, 0.0)","(0.0, 0.0, 0.0)","(0.0, 0.0, 0.0)","(0.0, 0.0, 0.0)","(0.0, 0.0, 0.0)","(0.0, 0.0, 0.0)","(0.0, 0.0, 0.0)","(0.0, 0.0, 0.0)","(0.0, 0.0, 0.0)","(1.0, 0.14285714285714285, 0.2499999999999978)","(0.0, 0.0, 0.0)","(0.0, 0.0, 0.0)","(0.0, 0.0, 0.0)","(0.0, 0.0, 0.0)","(0.0, 0.0, 0.0)","(0.0, 0.0, 0.0)","(0.0, 0.0, 0.0)","(0.0, 0.0, 0.0)","(0.0, 0.0, 0.0)","(0.0, 0.0, 0.0)","(0.0, 0.0, 0.0)","(0.0, 0.0, 0.0)","(0.0, 0.0, 0.0)","(0.0, 0.0, 0.0)","(0.0, 0.0, 0.0)","(0.0, 0.0, 0.0)","(0.0, 0.0, 0.0)","(0.0, 0.0, 0.0)","(0.0, 0.0, 0.0)","(0.0, 0.0, 0.0)","(0.0, 0.0, 0.0)","(0.0, 0.0, 0.0)","(0.0, 0.0, 0.0)","(0.0, 0.0, 0.0)","(0.0, 0.0, 0.0)","(0.0, 0.0, 0.0)","(0.0, 0.0, 0.0)","(0.0, 0.0, 0.0)","(0.0, 0.0, 0.0)","(0.0, 0.0, 0.0)","(0.0, 0.0, 0.0)","(0.0, 0.0, 0.0)","(0.0, 0.0, 0.0)","(0.0, 0.0, 0.0)","(0.0, 0.0, 0.0)","(0.0, 0.0, 0.0)","(0.0, 0.0, 0.0)","(0.0, 0.0, 0.0)","(0.13043478260869565, 0.42857142857142855, 0.19999999999999643)"
Reference cluster 11,"(0.0, 0.0, 0.0)","(0.0, 0.0, 0.0)","(0.0, 0.0, 0.0)","(0.0, 0.0, 0.0)","(0.0, 0.0, 0.0)","(0.0, 0.0, 0.0)","(0.0, 0.0, 0.0)","(0.0, 0.0, 0.0)","(0.0, 0.0, 0.0)","(0.0, 0.0, 0.0)","(0.0, 0.0, 0.0)","(1.0, 0.16666666666666666, 0.28571428571428326)","(0.0, 0.0, 0.0)","(0.0, 0.0, 0.0)","(0.0, 0.0, 0.0)","(0.0, 0.0, 0.0)","(0.0, 0.0, 0.0)","(0.0, 0.0, 0.0)","(0.0, 0.0, 0.0)","(0.0, 0.0, 0.0)","(0.0, 0.0, 0.0)","(0.0, 0.0, 0.0)","(0.0, 0.0, 0.0)","(0.0, 0.0, 0.0)","(0.0, 0.0, 0.0)","(0.0, 0.0, 0.0)","(0.0, 0.0, 0.0)","(0.0, 0.0, 0.0)","(0.0, 0.0, 0.0)","(0.0, 0.0, 0.0)","(0.0, 0.0, 0.0)","(0.0, 0.0, 0.0)","(0.0, 0.0, 0.0)","(0.0, 0.0, 0.0)","(0.0, 0.0, 0.0)","(0.0, 0.0, 0.0)","(0.0, 0.0, 0.0)","(0.0, 0.0, 0.0)","(0.0, 0.0, 0.0)","(0.0, 0.0, 0.0)","(0.0, 0.0, 0.0)","(0.0, 0.0, 0.0)","(0.0, 0.0, 0.0)","(0.0, 0.0, 0.0)","(0.0, 0.0, 0.0)","(0.0, 0.0, 0.0)","(0.0, 0.0, 0.0)","(0.5, 0.16666666666666666, 0.24999999999999625)","(0.5, 0.16666666666666666, 0.24999999999999625)","(0.0, 0.0, 0.0)","(0.0, 0.0, 0.0)","(0.0, 0.0, 0.0)","(0.0, 0.0, 0.0)","(0.0, 0.0, 0.0)","(0.0, 0.0, 0.0)","(0.0, 0.0, 0.0)","(0.0, 0.0, 0.0)","(0.0, 0.0, 0.0)","(0.0, 0.0, 0.0)","(0.0, 0.0, 0.0)","(0.08695652173913043, 0.3333333333333333, 0.13793103448275534)"
Reference cluster 12,"(0.0, 0.0, 0.0)","(0.0, 0.0, 0.0)","(0.0, 0.0, 0.0)","(0.0, 0.0, 0.0)","(0.0, 0.0, 0.0)","(0.0, 0.0, 0.0)","(0.0, 0.0, 0.0)","(0.0, 0.0, 0.0)","(0.0, 0.0, 0.0)","(0.0, 0.0, 0.0)","(0.0, 0.0, 0.0)","(0.0, 0.0, 0.0)","(0.0, 0.0, 0.0)","(0.0, 0.0, 0.0)","(0.0, 0.0, 0.0)","(0.0, 0.0, 0.0)","(0.0, 0.0, 0.0)","(0.0, 0.0, 0.0)","(0.0, 0.0, 0.0)","(0.0, 0.0, 0.0)","(0.0, 0.0, 0.0)","(0.0, 0.0, 0.0)","(0.0, 0.0, 0.0)","(0.0, 0.0, 0.0)","(0.0, 0.0, 0.0)","(0.0, 0.0, 0.0)","(0.0, 0.0, 0.0)","(0.0, 0.0, 0.0)","(0.0, 0.0, 0.0)","(0.0, 0.0, 0.0)","(0.0, 0.0, 0.0)","(0.0, 0.0, 0.0)","(0.0, 0.0, 0.0)","(1.0, 0.2, 0.3333333333333306)","(0.0, 0.0, 0.0)","(0.0, 0.0, 0.0)","(0.0, 0.0, 0.0)","(0.0, 0.0, 0.0)","(0.0, 0.0, 0.0)","(0.0, 0.0, 0.0)","(0.0, 0.0, 0.0)","(0.0, 0.0, 0.0)","(0.0, 0.0, 0.0)","(0.0, 0.0, 0.0)","(0.0, 0.0, 0.0)","(0.0, 0.0, 0.0)","(0.0, 0.0, 0.0)","(0.0, 0.0, 0.0)","(0.0, 0.0, 0.0)","(0.0, 0.0, 0.0)","(0.0, 0.0, 0.0)","(0.0, 0.0, 0.0)","(0.0, 0.0, 0.0)","(0.0, 0.0, 0.0)","(0.0, 0.0, 0.0)","(0.0, 0.0, 0.0)","(0.0, 0.0, 0.0)","(0.0, 0.0, 0.0)","(0.0, 0.0, 0.0)","(0.0, 0.0, 0.0)","(0.08695652173913043, 0.4, 0.14285714285713993)"
Reference cluster 13,"(0.0, 0.0, 0.0)","(1.0, 0.1, 0.18181818181818016)","(1.0, 0.1, 0.18181818181818016)","(0.0, 0.0, 0.0)","(0.0, 0.0, 0.0)","(0.0, 0.0, 0.0)","(0.0, 0.0, 0.0)","(0.0, 0.0, 0.0)","(0.0, 0.0, 0.0)","(0.0, 0.0, 0.0)","(0.0, 0.0, 0.0)","(0.0, 0.0, 0.0)","(0.0, 0.0, 0.0)","(0.0, 0.0, 0.0)","(0.0, 0.0, 0.0)","(0.0, 0.0, 0.0)","(0.0, 0.0, 0.0)","(0.0, 0.0, 0.0)","(0.0, 0.0, 0.0)","(0.0, 0.0, 0.0)","(0.0, 0.0, 0.0)","(0.0, 0.0, 0.0)","(0.0, 0.0, 0.0)","(0.0, 0.0, 0.0)","(0.0, 0.0, 0.0)","(0.0, 0.0, 0.0)","(0.0, 0.0, 0.0)","(1.0, 0.1, 0.18181818181818016)","(0.0, 0.0, 0.0)","(0.0, 0.0, 0.0)","(0.0, 0.0, 0.0)","(1.0, 0.1, 0.18181818181818016)","(0.0, 0.0, 0.0)","(0.0, 0.0, 0.0)","(0.0, 0.0, 0.0)","(0.0, 0.0, 0.0)","(0.0, 0.0, 0.0)","(0.0, 0.0, 0.0)","(0.0, 0.0, 0.0)","(0.0, 0.0, 0.0)","(0.0, 0.0, 0.0)","(0.0, 0.0, 0.0)","(0.0, 0.0, 0.0)","(0.0, 0.0, 0.0)","(0.0, 0.0, 0.0)","(0.0, 0.0, 0.0)","(0.0, 0.0, 0.0)","(0.0, 0.0, 0.0)","(0.0, 0.0, 0.0)","(0.0, 0.0, 0.0)","(1.0, 0.2, 0.3333333333333306)","(0.0, 0.0, 0.0)","(0.0, 0.0, 0.0)","(0.0, 0.0, 0.0)","(0.0, 0.0, 0.0)","(0.0, 0.0, 0.0)","(0.0, 0.0, 0.0)","(0.0, 0.0, 0.0)","(0.4, 0.2, 0.2666666666666622)","(0.14285714285714285, 0.1, 0.11764705882352457)","(0.0, 0.0, 0.0)"
""
CLUSTER DE REFERENCE
Reference cluster 0,imperfections,ridules,rides
Reference cluster 1,solaire,uv,protection
Reference cluster 2,odeur,agréable,sent,parfum
Reference cluster 3,boutons,camoufle,colle,rougeurs,pique,taches,pores
Reference cluster 4,couvrant,couvrance,couvre
Reference cluster 5,brillance,naturel,mine,effet,briller,lisse,matifie,teintée,brille,teint,unifie,éclat
Reference cluster 6,pratique,utilisation,facile,application
Reference cluster 7,couleur,teinte,belle,gamme
Reference cluster 8,hydratante,hydratée,hydratation,hydrate,douce,hydratant,sensation
Reference cluster 9,efficacité,parfait,résultat,satisfaite,qualité,efficace
Reference cluster 10,pot,flacon,pompe,présentation,bouchon,tube,emballage
Reference cluster 11,temps,tient,journée,dure,jours,jour
Reference cluster 12,cher,chère,rapport,acheté,prix
Reference cluster 13,mixtes,naturelle,sèche,sensible,peaux,peau,mixte,convient,grasse,grasses
""
CLUSTER PRÉDITS
Cluster 0,resultat
Cluster 1,peaux
Cluster 2,grasses
Cluster 3,facile
Cluster 4,maquillage
Cluster 5,claire
Cluster 6,boutons
Cluster 7,gamme
Cluster 8,utilisation
Cluster 9,emballage
Cluster 10,bouchon
Cluster 11,temps
Cluster 12,matin
Cluster 13,masque
Cluster 14,taches
Cluster 15,sensation
Cluster 16,maquiller
Cluster 17,pique
Cluster 18,teinte
Cluster 19,film
Cluster 20,achete
Cluster 21,flacon
Cluster 22,rides
Cluster 23,eclat
Cluster 24,zone
Cluster 25,donne
Cluster 26,nuit
Cluster 27,naturelle
Cluster 28,gras
Cluster 29,seche
Cluster 30,viens
Cluster 31,mixtes
Cluster 32,briller
Cluster 33,rapport
Cluster 34,sent
Cluster 35,journee
Cluster 36,impression
Cluster 37,long
Cluster 38,ridules
Cluster 39,qualite
Cluster 40,poudre
Cluster 41,mine
Cluster 42,pores
Cluster 43,parfaite
Cluster 44,camoufle,couvre
Cluster 45,solaire,uv
Cluster 46,satisfaite,deçue
Cluster 47,visage,jours
Cluster 48,teintee,jour
Cluster 49,couvrant,teint
Cluster 50,sensible,mixte
Cluster 51,lisse,douce
Cluster 52,hydratee,belle
Cluster 53,chere,hydratante,hiver
Cluster 54,naturel,joli,unifie
Cluster 55,agreable,legere,fluide
Cluster 56,brillance,rougeurs,imperfections
Cluster 57,hydratation,effet,penetration,colle
Cluster 58,hydrate,matifie,grasse,brille,convient
Cluster 59,couleur,peau,application,efficace,parfait,couvrance,soin
Cluster 60,cher,produit,prix,adore,recommande,racheterai,pot,tube,presentation,efficacite,hydratant,texture,odeur,penetre,creme,parfum,dommage,creme,protection,pratique,pompe,tient,dure
